id,state,district,latitude,longitude,rainfall_24h,soil_moisture,slope,elevation,landslide_history,landslide
1,Sikkim,Mangan,27.5095,88.5362,241,94,40,592,0,1
2,Sikkim,Mangan,27.5095,88.5362,211,36,17,2973,1,1
3,Mizoram,Aizawl,23.7271,92.7176,89,38,16,2442,0,1
4,Sikkim,Mangan,27.5095,88.5362,245,49,31,1924,0,1
5,Sikkim,Mangan,27.5095,88.5362,30,27,46,128,1,0
6,Nagaland,Kohima,25.6751,94.1086,56,79,13,1601,1,1
7,Meghalaya,Shillong,25.5788,91.8933,236,54,36,429,0,1
8,Sikkim,Gangtok,27.3389,88.6065,170,24,32,920,0,1
9,Meghalaya,Shillong,25.5788,91.8933,188,77,48,2495,1,0
10,Nagaland,Kohima,25.6751,94.1086,31,36,12,2717,1,0
11,Meghalaya,Tura,25.514,90.202,242,48,37,1555,1,1
12,Sikkim,Mangan,27.5095,88.5362,174,84,28,390,0,1
13,Nagaland,Kohima,25.6751,94.1086,226,62,45,515,1,1
14,Sikkim,Mangan,27.5095,88.5362,192,28,39,2347,0,1
15,Sikkim,Gangtok,27.3389,88.6065,65,52,30,1229,1,1
16,Mizoram,Aizawl,23.7271,92.7176,218,45,17,1182,0,1
17,Sikkim,Gangtok,27.3389,88.6065,143,54,37,1588,0,1
18,Sikkim,Gangtok,27.3389,88.6065,108,33,26,698,0,1
19,Nagaland,Kohima,25.6751,94.1086,203,30,8,457,1,0
20,Nagaland,Kohima,25.6751,94.1086,85,49,46,647,0,0
21,Meghalaya,Tura,25.514,90.202,157,47,17,712,0,0
22,Meghalaya,Tura,25.514,90.202,239,47,33,455,1,1
23,Sikkim,Mangan,27.5095,88.5362,223,45,41,2642,0,0
24,Meghalaya,Shillong,25.5788,91.8933,16,88,29,428,1,0
25,Mizoram,Aizawl,23.7271,92.7176,173,47,44,1051,1,1
26,Meghalaya,Shillong,25.5788,91.8933,166,85,5,1337,0,1
27,Nagaland,Kohima,25.6751,94.1086,221,93,29,834,0,1
28,Nagaland,Kohima,25.6751,94.1086,89,77,29,2662,1,1
29,Meghalaya,Tura,25.514,90.202,224,43,22,1138,1,1
30,Mizoram,Aizawl,23.7271,92.7176,109,49,42,716,1,0
31,Meghalaya,Shillong,25.5788,91.8933,13,26,26,1028,1,1
32,Meghalaya,Tura,25.514,90.202,237,32,10,2666,1,1
33,Sikkim,Gangtok,27.3389,88.6065,229,64,16,2535,1,1
34,Sikkim,Mangan,27.5095,88.5362,43,31,20,1304,0,0
35,Sikkim,Gangtok,27.3389,88.6065,188,76,20,400,0,0
36,Mizoram,Aizawl,23.7271,92.7176,136,93,8,1273,1,0
37,Meghalaya,Tura,25.514,90.202,184,77,46,1089,1,1
38,Sikkim,Mangan,27.5095,88.5362,113,34,12,2274,0,1
39,Sikkim,Mangan,27.5095,88.5362,42,73,43,1712,0,0
40,Meghalaya,Shillong,25.5788,91.8933,77,38,35,577,1,1
41,Sikkim,Mangan,27.5095,88.5362,137,65,15,2285,0,0
42,Sikkim,Mangan,27.5095,88.5362,196,66,27,1171,1,1
43,Meghalaya,Shillong,25.5788,91.8933,174,42,27,2749,1,1
44,Meghalaya,Tura,25.514,90.202,145,82,27,1051,1,0
45,Meghalaya,Shillong,25.5788,91.8933,13,82,48,2855,1,1
46,Sikkim,Gangtok,27.3389,88.6065,69,79,19,2577,1,1
47,Sikkim,Gangtok,27.3389,88.6065,168,45,43,147,0,1
48,Mizoram,Aizawl,23.7271,92.7176,95,60,24,668,0,0
49,Sikkim,Gangtok,27.3389,88.6065,68,44,6,824,0,0
50,Meghalaya,Shillong,25.5788,91.8933,200,21,16,2742,0,1
51,Sikkim,Mangan,27.5095,88.5362,73,94,20,1367,0,1
52,Meghalaya,Shillong,25.5788,91.8933,148,77,9,2110,1,1
53,Nagaland,Kohima,25.6751,94.1086,130,23,11,992,0,0
54,Nagaland,Kohima,25.6751,94.1086,250,77,19,1576,1,1
55,Mizoram,Aizawl,23.7271,92.7176,35,37,19,2324,1,1
56,Meghalaya,Shillong,25.5788,91.8933,145,45,50,749,1,0
57,Sikkim,Gangtok,27.3389,88.6065,51,41,48,2592,0,1
58,Meghalaya,Shillong,25.5788,91.8933,90,56,27,1550,0,0
59,Mizoram,Aizawl,23.7271,92.7176,36,28,37,2971,0,1
60,Nagaland,Kohima,25.6751,94.1086,236,88,31,1154,0,0
61,Mizoram,Aizawl,23.7271,92.7176,224,77,32,533,0,1
62,Mizoram,Aizawl,23.7271,92.7176,124,55,26,1384,1,0
63,Meghalaya,Tura,25.514,90.202,222,23,6,1200,0,1
64,Nagaland,Kohima,25.6751,94.1086,239,81,25,2000,1,1
65,Mizoram,Aizawl,23.7271,92.7176,169,85,7,2533,0,1
66,Sikkim,Mangan,27.5095,88.5362,117,90,34,653,1,1
67,Sikkim,Mangan,27.5095,88.5362,122,58,9,2858,0,1
68,Meghalaya,Shillong,25.5788,91.8933,12,62,48,1776,0,0
69,Sikkim,Gangtok,27.3389,88.6065,116,31,9,1876,1,1
70,Meghalaya,Tura,25.514,90.202,101,49,48,1389,0,1
71,Sikkim,Gangtok,27.3389,88.6065,189,78,33,1099,0,1
72,Meghalaya,Tura,25.514,90.202,239,95,6,1262,0,1
73,Meghalaya,Tura,25.514,90.202,40,81,21,340,0,1
74,Sikkim,Gangtok,27.3389,88.6065,116,31,33,997,0,1
75,Meghalaya,Shillong,25.5788,91.8933,30,72,19,1677,0,0
76,Meghalaya,Shillong,25.5788,91.8933,169,49,50,1848,1,1
77,Sikkim,Mangan,27.5095,88.5362,110,24,14,721,1,1
78,Sikkim,Gangtok,27.3389,88.6065,110,36,46,2605,0,1
79,Sikkim,Mangan,27.5095,88.5362,69,58,9,1934,0,0
80,Sikkim,Gangtok,27.3389,88.6065,74,29,22,1056,1,0
81,Sikkim,Gangtok,27.3389,88.6065,109,95,10,2218,1,1
82,Nagaland,Kohima,25.6751,94.1086,18,58,49,2520,1,0
83,Meghalaya,Tura,25.514,90.202,164,61,35,2878,1,1
84,Sikkim,Mangan,27.5095,88.5362,59,31,22,2976,0,0
85,Nagaland,Kohima,25.6751,94.1086,191,38,36,262,1,1
86,Mizoram,Aizawl,23.7271,92.7176,232,85,19,2387,0,1
87,Nagaland,Kohima,25.6751,94.1086,186,62,20,2967,0,1
88,Mizoram,Aizawl,23.7271,92.7176,176,83,7,2672,1,1
89,Meghalaya,Shillong,25.5788,91.8933,163,20,37,2596,1,1
90,Meghalaya,Shillong,25.5788,91.8933,68,41,48,1822,0,0
91,Sikkim,Gangtok,27.3389,88.6065,20,36,16,773,1,0
92,Meghalaya,Shillong,25.5788,91.8933,250,45,24,2582,1,1
93,Meghalaya,Tura,25.514,90.202,152,38,47,2503,0,0
94,Nagaland,Kohima,25.6751,94.1086,147,60,10,928,1,0
95,Mizoram,Aizawl,23.7271,92.7176,172,68,43,2656,0,1
96,Nagaland,Kohima,25.6751,94.1086,46,58,41,2739,0,1
97,Meghalaya,Shillong,25.5788,91.8933,13,70,30,489,0,0
98,Sikkim,Mangan,27.5095,88.5362,159,38,9,1187,0,1
99,Meghalaya,Shillong,25.5788,91.8933,85,21,44,1922,1,0
100,Nagaland,Kohima,25.6751,94.1086,60,42,9,2503,0,1
101,Sikkim,Mangan,27.5095,88.5362,202,52,28,1257,1,0
102,Nagaland,Kohima,25.6751,94.1086,202,84,34,119,0,1
103,Sikkim,Mangan,27.5095,88.5362,171,28,18,414,0,1
104,Nagaland,Kohima,25.6751,94.1086,117,48,38,2370,0,0
105,Mizoram,Aizawl,23.7271,92.7176,199,86,31,2276,0,1
106,Mizoram,Aizawl,23.7271,92.7176,39,53,31,2415,0,0
107,Nagaland,Kohima,25.6751,94.1086,236,40,45,2171,1,1
108,Nagaland,Kohima,25.6751,94.1086,249,91,19,1101,0,1
109,Sikkim,Gangtok,27.3389,88.6065,62,50,20,2132,1,1
110,Sikkim,Mangan,27.5095,88.5362,143,89,21,510,0,0
111,Nagaland,Kohima,25.6751,94.1086,67,51,37,1933,1,0
112,Meghalaya,Shillong,25.5788,91.8933,227,75,37,2950,0,1
113,Meghalaya,Tura,25.514,90.202,68,34,12,1996,0,0
114,Meghalaya,Shillong,25.5788,91.8933,41,40,8,1535,1,0
115,Nagaland,Kohima,25.6751,94.1086,143,50,31,1381,1,0
116,Nagaland,Kohima,25.6751,94.1086,112,86,41,2067,1,1
117,Meghalaya,Tura,25.514,90.202,215,92,37,1312,1,1
118,Sikkim,Mangan,27.5095,88.5362,144,89,39,1977,0,1
119,Mizoram,Aizawl,23.7271,92.7176,96,70,16,1695,0,1
120,Sikkim,Gangtok,27.3389,88.6065,188,20,29,2652,1,0
121,Meghalaya,Shillong,25.5788,91.8933,207,66,23,506,1,1
122,Meghalaya,Shillong,25.5788,91.8933,176,34,43,716,0,1
123,Nagaland,Kohima,25.6751,94.1086,73,55,20,937,1,1
124,Sikkim,Gangtok,27.3389,88.6065,70,52,48,1810,1,1
125,Sikkim,Mangan,27.5095,88.5362,217,42,35,2325,0,1
126,Sikkim,Mangan,27.5095,88.5362,232,52,31,2220,1,1
127,Meghalaya,Tura,25.514,90.202,135,86,8,2432,1,1
128,Nagaland,Kohima,25.6751,94.1086,165,95,20,878,0,1
129,Sikkim,Mangan,27.5095,88.5362,86,26,42,1335,0,1
130,Nagaland,Kohima,25.6751,94.1086,57,56,27,2260,1,0
131,Meghalaya,Shillong,25.5788,91.8933,96,52,14,1016,0,1
132,Sikkim,Mangan,27.5095,88.5362,37,71,46,2252,0,1
133,Meghalaya,Tura,25.514,90.202,24,34,23,1238,0,0
134,Sikkim,Mangan,27.5095,88.5362,190,39,26,2440,1,1
135,Nagaland,Kohima,25.6751,94.1086,41,36,39,1981,0,0
136,Sikkim,Mangan,27.5095,88.5362,153,62,44,2897,0,0
137,Meghalaya,Shillong,25.5788,91.8933,64,62,29,337,1,0
138,Meghalaya,Shillong,25.5788,91.8933,74,44,13,1492,0,0
139,Sikkim,Gangtok,27.3389,88.6065,241,26,49,2694,0,1
140,Sikkim,Mangan,27.5095,88.5362,237,59,41,2833,1,1
141,Sikkim,Gangtok,27.3389,88.6065,45,77,47,159,0,1
142,Nagaland,Kohima,25.6751,94.1086,112,61,6,2006,1,0
143,Sikkim,Mangan,27.5095,88.5362,49,50,17,1193,1,1
144,Meghalaya,Shillong,25.5788,91.8933,199,52,23,1136,0,0
145,Meghalaya,Shillong,25.5788,91.8933,26,56,16,2245,0,1
146,Sikkim,Mangan,27.5095,88.5362,133,75,30,781,1,0
147,Mizoram,Aizawl,23.7271,92.7176,110,52,44,518,0,0
148,Sikkim,Gangtok,27.3389,88.6065,243,43,44,2033,1,1
149,Meghalaya,Shillong,25.5788,91.8933,215,27,37,371,0,1
150,Meghalaya,Shillong,25.5788,91.8933,92,74,12,2637,0,0
151,Nagaland,Kohima,25.6751,94.1086,234,48,40,1893,0,1
152,Meghalaya,Tura,25.514,90.202,139,83,19,860,1,1
153,Meghalaya,Shillong,25.5788,91.8933,25,20,12,495,0,0
154,Mizoram,Aizawl,23.7271,92.7176,45,29,12,765,1,0
155,Meghalaya,Tura,25.514,90.202,204,69,42,150,1,1
156,Mizoram,Aizawl,23.7271,92.7176,80,87,44,2365,0,1
157,Nagaland,Kohima,25.6751,94.1086,44,53,36,1266,0,1
158,Nagaland,Kohima,25.6751,94.1086,88,49,36,2483,1,0
159,Meghalaya,Tura,25.514,90.202,125,64,23,2141,1,0
160,Nagaland,Kohima,25.6751,94.1086,217,21,9,1204,0,1
161,Nagaland,Kohima,25.6751,94.1086,244,30,15,2021,0,0
162,Meghalaya,Tura,25.514,90.202,226,78,37,1252,1,1
163,Sikkim,Mangan,27.5095,88.5362,232,63,25,1255,1,1
164,Meghalaya,Shillong,25.5788,91.8933,211,30,34,166,1,1
165,Nagaland,Kohima,25.6751,94.1086,154,31,18,1968,0,1
166,Nagaland,Kohima,25.6751,94.1086,149,50,29,2715,1,1
167,Nagaland,Kohima,25.6751,94.1086,80,29,17,312,1,0
168,Nagaland,Kohima,25.6751,94.1086,131,29,33,2566,1,1
169,Meghalaya,Tura,25.514,90.202,101,46,36,1658,1,1
170,Sikkim,Gangtok,27.3389,88.6065,218,31,46,649,1,1
171,Meghalaya,Shillong,25.5788,91.8933,123,26,5,868,1,1
172,Meghalaya,Tura,25.514,90.202,218,90,32,1739,1,1
173,Sikkim,Gangtok,27.3389,88.6065,185,35,6,1199,1,1
174,Sikkim,Mangan,27.5095,88.5362,156,52,37,1236,0,1
175,Nagaland,Kohima,25.6751,94.1086,222,73,9,617,0,1
176,Sikkim,Gangtok,27.3389,88.6065,44,83,18,1643,0,1
177,Sikkim,Mangan,27.5095,88.5362,165,56,32,2407,1,1
178,Nagaland,Kohima,25.6751,94.1086,50,94,25,808,0,1
179,Meghalaya,Tura,25.514,90.202,69,43,26,1368,1,0
180,Nagaland,Kohima,25.6751,94.1086,62,55,28,1725,1,0
181,Meghalaya,Tura,25.514,90.202,118,72,40,136,1,1
182,Meghalaya,Shillong,25.5788,91.8933,153,66,48,2230,1,0
183,Mizoram,Aizawl,23.7271,92.7176,60,44,26,1072,0,0
184,Sikkim,Mangan,27.5095,88.5362,206,55,5,1207,1,1
185,Meghalaya,Tura,25.514,90.202,46,22,12,1527,1,0
186,Sikkim,Mangan,27.5095,88.5362,121,67,26,2286,1,0
187,Meghalaya,Tura,25.514,90.202,134,35,5,371,0,0
188,Nagaland,Kohima,25.6751,94.1086,82,60,21,953,1,0
189,Nagaland,Kohima,25.6751,94.1086,77,39,21,2934,0,0
190,Meghalaya,Tura,25.514,90.202,240,62,7,335,0,1
191,Mizoram,Aizawl,23.7271,92.7176,131,67,31,2074,1,1
192,Meghalaya,Tura,25.514,90.202,43,21,34,497,0,0
193,Nagaland,Kohima,25.6751,94.1086,39,95,40,1836,0,0
194,Meghalaya,Shillong,25.5788,91.8933,135,29,32,923,0,0
195,Mizoram,Aizawl,23.7271,92.7176,84,66,46,660,0,1
196,Nagaland,Kohima,25.6751,94.1086,53,94,45,1663,0,1
197,Sikkim,Mangan,27.5095,88.5362,154,55,11,418,0,1
198,Meghalaya,Tura,25.514,90.202,32,88,25,1424,1,0
199,Meghalaya,Tura,25.514,90.202,148,58,11,2005,1,1
200,Mizoram,Aizawl,23.7271,92.7176,126,33,23,1228,1,0
201,Meghalaya,Shillong,25.5788,91.8933,152,68,7,1290,0,0
202,Meghalaya,Shillong,25.5788,91.8933,208,85,49,2533,0,1
203,Mizoram,Aizawl,23.7271,92.7176,63,25,20,571,1,1
204,Nagaland,Kohima,25.6751,94.1086,137,56,31,482,0,1
205,Sikkim,Mangan,27.5095,88.5362,41,92,10,135,0,1
206,Meghalaya,Tura,25.514,90.202,115,35,9,855,1,0
207,Nagaland,Kohima,25.6751,94.1086,188,58,48,135,0,1
208,Mizoram,Aizawl,23.7271,92.7176,205,74,34,2832,0,0
209,Nagaland,Kohima,25.6751,94.1086,106,90,5,2327,1,1
210,Nagaland,Kohima,25.6751,94.1086,138,48,32,2241,1,0
211,Nagaland,Kohima,25.6751,94.1086,23,43,37,1626,0,0
212,Meghalaya,Tura,25.514,90.202,18,77,33,2676,1,1
213,Nagaland,Kohima,25.6751,94.1086,134,54,29,1418,0,1
214,Mizoram,Aizawl,23.7271,92.7176,131,49,21,1501,1,1
215,Nagaland,Kohima,25.6751,94.1086,52,24,25,2893,0,0
216,Sikkim,Gangtok,27.3389,88.6065,17,30,44,679,0,0
217,Meghalaya,Shillong,25.5788,91.8933,231,75,18,863,1,1
218,Meghalaya,Shillong,25.5788,91.8933,229,49,18,2959,0,1
219,Sikkim,Gangtok,27.3389,88.6065,166,27,16,933,0,1
220,Meghalaya,Shillong,25.5788,91.8933,25,50,6,1838,1,0
221,Nagaland,Kohima,25.6751,94.1086,193,80,45,480,1,1
222,Sikkim,Gangtok,27.3389,88.6065,168,24,45,1362,0,0
223,Meghalaya,Shillong,25.5788,91.8933,41,94,34,822,1,0
224,Nagaland,Kohima,25.6751,94.1086,202,56,15,2601,0,1
225,Mizoram,Aizawl,23.7271,92.7176,78,64,7,1652,1,1
226,Meghalaya,Shillong,25.5788,91.8933,133,56,17,1196,1,0
227,Sikkim,Mangan,27.5095,88.5362,71,41,39,1442,0,1
228,Mizoram,Aizawl,23.7271,92.7176,181,88,5,1557,0,0
229,Meghalaya,Shillong,25.5788,91.8933,243,27,44,2234,1,1
230,Mizoram,Aizawl,23.7271,92.7176,238,94,35,1734,0,1
231,Sikkim,Mangan,27.5095,88.5362,25,51,27,2790,0,0
232,Nagaland,Kohima,25.6751,94.1086,213,45,25,1447,1,0
233,Mizoram,Aizawl,23.7271,92.7176,130,49,47,2716,1,0
234,Nagaland,Kohima,25.6751,94.1086,224,28,24,1604,0,1
235,Nagaland,Kohima,25.6751,94.1086,213,20,32,1510,0,1
236,Nagaland,Kohima,25.6751,94.1086,248,45,12,1530,1,1
237,Sikkim,Gangtok,27.3389,88.6065,141,57,15,375,1,0
238,Meghalaya,Tura,25.514,90.202,89,28,35,639,0,0
239,Sikkim,Mangan,27.5095,88.5362,154,34,49,2831,1,1
240,Sikkim,Mangan,27.5095,88.5362,146,77,14,1253,1,1
241,Mizoram,Aizawl,23.7271,92.7176,86,49,8,1258,0,0
242,Sikkim,Mangan,27.5095,88.5362,219,63,12,1219,1,1
243,Sikkim,Gangtok,27.3389,88.6065,242,22,25,1205,1,0
244,Meghalaya,Tura,25.514,90.202,24,26,19,1477,0,0
245,Sikkim,Gangtok,27.3389,88.6065,171,75,6,1071,0,0
246,Meghalaya,Shillong,25.5788,91.8933,199,44,31,567,1,1
247,Sikkim,Gangtok,27.3389,88.6065,94,73,36,2663,0,1
248,Sikkim,Gangtok,27.3389,88.6065,137,36,45,705,1,1
249,Meghalaya,Shillong,25.5788,91.8933,157,89,24,2508,1,0
250,Sikkim,Gangtok,27.3389,88.6065,186,58,15,1279,0,1
251,Nagaland,Kohima,25.6751,94.1086,221,39,15,924,1,1
252,Meghalaya,Tura,25.514,90.202,168,74,12,1883,0,1
253,Sikkim,Mangan,27.5095,88.5362,125,21,41,242,1,1
254,Meghalaya,Tura,25.514,90.202,165,78,18,784,0,1
255,Meghalaya,Shillong,25.5788,91.8933,119,87,40,242,1,1
256,Meghalaya,Tura,25.514,90.202,155,95,45,2190,1,1
257,Sikkim,Mangan,27.5095,88.5362,80,92,11,901,1,0
258,Meghalaya,Shillong,25.5788,91.8933,24,23,17,1000,1,0
259,Nagaland,Kohima,25.6751,94.1086,208,75,5,1730,1,1
260,Sikkim,Mangan,27.5095,88.5362,20,78,8,1371,0,0
261,Sikkim,Mangan,27.5095,88.5362,20,37,46,928,1,1
262,Meghalaya,Tura,25.514,90.202,241,47,27,135,0,1
263,Mizoram,Aizawl,23.7271,92.7176,222,94,21,457,1,1
264,Nagaland,Kohima,25.6751,94.1086,80,69,50,2254,0,0
265,Meghalaya,Shillong,25.5788,91.8933,195,22,44,1619,1,0
266,Mizoram,Aizawl,23.7271,92.7176,161,62,43,2271,1,0
267,Sikkim,Gangtok,27.3389,88.6065,155,76,50,2150,1,0
268,Nagaland,Kohima,25.6751,94.1086,71,74,12,1278,0,0
269,Nagaland,Kohima,25.6751,94.1086,125,67,31,767,1,1
270,Sikkim,Mangan,27.5095,88.5362,70,40,17,171,0,1
271,Mizoram,Aizawl,23.7271,92.7176,213,87,38,2353,1,1
272,Sikkim,Mangan,27.5095,88.5362,101,92,31,384,0,1
273,Meghalaya,Tura,25.514,90.202,109,72,33,1726,1,1
274,Sikkim,Mangan,27.5095,88.5362,16,31,11,631,1,0
275,Sikkim,Gangtok,27.3389,88.6065,225,60,49,284,0,1
276,Nagaland,Kohima,25.6751,94.1086,34,31,10,2950,1,0
277,Sikkim,Mangan,27.5095,88.5362,32,23,50,2440,0,0
278,Sikkim,Mangan,27.5095,88.5362,197,87,48,2558,1,0
279,Sikkim,Gangtok,27.3389,88.6065,154,83,32,1367,1,1
280,Mizoram,Aizawl,23.7271,92.7176,204,26,20,2300,0,0
281,Nagaland,Kohima,25.6751,94.1086,76,69,43,1288,0,1
282,Nagaland,Kohima,25.6751,94.1086,98,76,24,2857,1,1
283,Nagaland,Kohima,25.6751,94.1086,24,51,50,110,0,0
284,Meghalaya,Shillong,25.5788,91.8933,206,49,10,881,0,0
285,Nagaland,Kohima,25.6751,94.1086,238,85,19,1798,1,1
286,Mizoram,Aizawl,23.7271,92.7176,28,56,11,2797,1,0
287,Sikkim,Gangtok,27.3389,88.6065,134,52,35,2827,1,0
288,Nagaland,Kohima,25.6751,94.1086,221,72,43,2355,1,1
289,Sikkim,Mangan,27.5095,88.5362,61,71,15,2720,0,1
290,Nagaland,Kohima,25.6751,94.1086,204,53,34,1144,0,0
291,Meghalaya,Tura,25.514,90.202,142,54,42,1070,1,1
292,Sikkim,Gangtok,27.3389,88.6065,21,48,25,1971,0,0
293,Nagaland,Kohima,25.6751,94.1086,250,27,15,1740,1,1
294,Meghalaya,Tura,25.514,90.202,20,40,41,1748,1,0
295,Meghalaya,Tura,25.514,90.202,119,54,12,2228,1,1
296,Meghalaya,Shillong,25.5788,91.8933,36,52,34,909,1,1
297,Meghalaya,Tura,25.514,90.202,216,63,34,1012,0,1
298,Sikkim,Mangan,27.5095,88.5362,212,87,41,1793,0,1
299,Meghalaya,Tura,25.514,90.202,139,45,13,2619,1,0
300,Meghalaya,Shillong,25.5788,91.8933,158,49,48,909,0,0
301,Meghalaya,Shillong,25.5788,91.8933,212,57,18,2807,1,0
302,Mizoram,Aizawl,23.7271,92.7176,35,20,30,2113,1,0
303,Nagaland,Kohima,25.6751,94.1086,173,79,30,1467,0,1
304,Meghalaya,Tura,25.514,90.202,59,59,8,1764,1,1
305,Meghalaya,Shillong,25.5788,91.8933,167,78,47,759,1,1
306,Mizoram,Aizawl,23.7271,92.7176,95,45,26,1074,1,0
307,Sikkim,Gangtok,27.3389,88.6065,99,50,35,1447,0,0
308,Mizoram,Aizawl,23.7271,92.7176,116,43,15,1536,1,0
309,Nagaland,Kohima,25.6751,94.1086,73,36,26,2460,1,1
310,Sikkim,Mangan,27.5095,88.5362,39,91,37,2966,0,0
311,Meghalaya,Shillong,25.5788,91.8933,157,36,25,817,0,1
312,Meghalaya,Shillong,25.5788,91.8933,60,25,27,1799,0,0
313,Sikkim,Mangan,27.5095,88.5362,120,24,39,537,0,1
314,Sikkim,Gangtok,27.3389,88.6065,149,78,20,537,1,0
315,Sikkim,Gangtok,27.3389,88.6065,151,55,34,450,0,0
316,Sikkim,Mangan,27.5095,88.5362,160,94,37,2211,0,0
317,Sikkim,Mangan,27.5095,88.5362,74,22,50,814,0,1
318,Meghalaya,Shillong,25.5788,91.8933,183,54,12,694,0,1
319,Nagaland,Kohima,25.6751,94.1086,217,30,39,775,1,1
320,Sikkim,Mangan,27.5095,88.5362,134,20,8,2587,1,1
321,Meghalaya,Shillong,25.5788,91.8933,184,74,22,1346,1,1
322,Meghalaya,Shillong,25.5788,91.8933,109,20,40,2188,1,0
323,Sikkim,Gangtok,27.3389,88.6065,144,70,39,2541,1,0
324,Nagaland,Kohima,25.6751,94.1086,31,77,25,373,1,1
325,Sikkim,Mangan,27.5095,88.5362,144,79,38,534,1,0
326,Meghalaya,Tura,25.514,90.202,89,83,25,724,1,1
327,Mizoram,Aizawl,23.7271,92.7176,88,71,21,201,1,0
328,Meghalaya,Shillong,25.5788,91.8933,70,37,13,1701,1,1
329,Nagaland,Kohima,25.6751,94.1086,167,80,48,2750,1,1
330,Nagaland,Kohima,25.6751,94.1086,194,86,20,1256,0,1
331,Meghalaya,Tura,25.514,90.202,36,59,46,1557,1,0
332,Sikkim,Mangan,27.5095,88.5362,200,52,17,1184,1,0
333,Nagaland,Kohima,25.6751,94.1086,227,78,34,363,1,1
334,Mizoram,Aizawl,23.7271,92.7176,216,57,9,1179,0,0
335,Meghalaya,Shillong,25.5788,91.8933,14,70,19,2124,1,0
336,Meghalaya,Tura,25.514,90.202,240,22,28,166,0,1
337,Mizoram,Aizawl,23.7271,92.7176,147,91,31,2486,1,1
338,Sikkim,Mangan,27.5095,88.5362,30,52,48,1696,0,0
339,Meghalaya,Tura,25.514,90.202,144,51,30,2235,0,1
340,Meghalaya,Shillong,25.5788,91.8933,215,28,24,2522,0,0
341,Nagaland,Kohima,25.6751,94.1086,55,87,48,2043,1,1
342,Meghalaya,Tura,25.514,90.202,15,74,23,1795,1,0
343,Sikkim,Gangtok,27.3389,88.6065,177,88,36,2689,0,0
344,Mizoram,Aizawl,23.7271,92.7176,12,43,31,629,1,0
345,Sikkim,Gangtok,27.3389,88.6065,89,40,7,1462,1,1
346,Meghalaya,Tura,25.514,90.202,11,85,46,2723,1,0
347,Meghalaya,Shillong,25.5788,91.8933,78,72,20,973,0,0
348,Mizoram,Aizawl,23.7271,92.7176,146,89,18,2132,0,1
349,Mizoram,Aizawl,23.7271,92.7176,225,66,17,2112,1,1
350,Nagaland,Kohima,25.6751,94.1086,115,70,30,2980,0,1
351,Mizoram,Aizawl,23.7271,92.7176,56,67,30,1433,0,1
352,Sikkim,Gangtok,27.3389,88.6065,241,94,35,2792,1,1
353,Sikkim,Mangan,27.5095,88.5362,11,33,24,1391,0,0
354,Meghalaya,Shillong,25.5788,91.8933,170,20,26,2776,1,1
355,Mizoram,Aizawl,23.7271,92.7176,220,79,27,827,0,1
356,Nagaland,Kohima,25.6751,94.1086,211,21,26,1808,1,1
357,Sikkim,Mangan,27.5095,88.5362,150,26,38,1158,0,1
358,Mizoram,Aizawl,23.7271,92.7176,214,33,15,234,0,1
359,Meghalaya,Tura,25.514,90.202,137,60,50,2099,0,0
360,Meghalaya,Shillong,25.5788,91.8933,226,33,9,2060,1,1
361,Nagaland,Kohima,25.6751,94.1086,51,86,29,1871,0,0
362,Sikkim,Gangtok,27.3389,88.6065,33,82,34,1365,0,0
363,Mizoram,Aizawl,23.7271,92.7176,101,83,31,474,0,1
364,Nagaland,Kohima,25.6751,94.1086,138,92,5,995,1,1
365,Meghalaya,Tura,25.514,90.202,55,55,37,1215,1,1
366,Meghalaya,Tura,25.514,90.202,29,29,28,518,0,0
367,Sikkim,Gangtok,27.3389,88.6065,106,94,27,249,1,1
368,Mizoram,Aizawl,23.7271,92.7176,192,68,5,1978,0,1
369,Sikkim,Gangtok,27.3389,88.6065,103,27,5,2706,1,0
370,Sikkim,Gangtok,27.3389,88.6065,170,63,24,2269,0,1
371,Meghalaya,Tura,25.514,90.202,150,52,5,1665,0,1
372,Nagaland,Kohima,25.6751,94.1086,215,76,10,1907,0,1
373,Sikkim,Gangtok,27.3389,88.6065,35,41,19,1169,0,0
374,Sikkim,Gangtok,27.3389,88.6065,130,37,29,2729,1,1
375,Mizoram,Aizawl,23.7271,92.7176,38,83,33,166,1,0
376,Nagaland,Kohima,25.6751,94.1086,61,91,17,1645,1,0
377,Nagaland,Kohima,25.6751,94.1086,47,63,41,139,0,0
378,Sikkim,Mangan,27.5095,88.5362,217,90,41,1505,1,1
379,Meghalaya,Tura,25.514,90.202,94,87,12,437,1,0
380,Sikkim,Gangtok,27.3389,88.6065,241,38,22,1579,0,1
381,Nagaland,Kohima,25.6751,94.1086,123,59,28,1665,1,0
382,Meghalaya,Shillong,25.5788,91.8933,176,85,8,1475,0,1
383,Mizoram,Aizawl,23.7271,92.7176,78,82,5,633,0,0
384,Meghalaya,Tura,25.514,90.202,82,66,24,2046,0,1
385,Meghalaya,Tura,25.514,90.202,104,81,46,1491,0,1
386,Sikkim,Mangan,27.5095,88.5362,240,52,41,1905,0,1
387,Sikkim,Gangtok,27.3389,88.6065,12,77,16,2737,1,0
388,Sikkim,Gangtok,27.3389,88.6065,210,72,42,2821,0,1
389,Sikkim,Gangtok,27.3389,88.6065,100,34,24,155,1,1
390,Sikkim,Gangtok,27.3389,88.6065,176,32,17,432,1,1
391,Nagaland,Kohima,25.6751,94.1086,162,46,16,2321,0,1
392,Mizoram,Aizawl,23.7271,92.7176,219,71,25,340,1,1
393,Nagaland,Kohima,25.6751,94.1086,51,94,45,686,1,1
394,Sikkim,Gangtok,27.3389,88.6065,213,20,19,2572,0,1
395,Meghalaya,Shillong,25.5788,91.8933,165,85,45,2768,0,0
396,Sikkim,Mangan,27.5095,88.5362,26,88,26,1811,1,0
397,Meghalaya,Shillong,25.5788,91.8933,50,93,45,2318,1,1
398,Sikkim,Mangan,27.5095,88.5362,39,43,8,1205,1,0
399,Sikkim,Mangan,27.5095,88.5362,43,34,22,925,1,1
400,Nagaland,Kohima,25.6751,94.1086,84,66,37,823,1,0
401,Sikkim,Gangtok,27.3389,88.6065,120,76,46,1700,0,1
402,Sikkim,Gangtok,27.3389,88.6065,68,21,17,708,1,0
403,Meghalaya,Tura,25.514,90.202,176,57,10,2116,1,1
404,Meghalaya,Shillong,25.5788,91.8933,127,81,41,1778,0,0
405,Meghalaya,Tura,25.514,90.202,186,39,25,1471,1,1
406,Nagaland,Kohima,25.6751,94.1086,79,73,31,1250,0,0
407,Sikkim,Gangtok,27.3389,88.6065,219,30,38,1204,1,1
408,Meghalaya,Tura,25.514,90.202,63,57,26,2533,1,1
409,Sikkim,Mangan,27.5095,88.5362,186,41,37,2531,0,0
410,Meghalaya,Tura,25.514,90.202,138,85,39,1286,1,1
411,Meghalaya,Tura,25.514,90.202,216,94,41,788,1,1
412,Sikkim,Mangan,27.5095,88.5362,186,33,38,1779,0,1
413,Mizoram,Aizawl,23.7271,92.7176,198,52,49,1912,1,0
414,Meghalaya,Tura,25.514,90.202,51,67,32,566,0,0
415,Sikkim,Mangan,27.5095,88.5362,114,63,31,2667,1,1
416,Nagaland,Kohima,25.6751,94.1086,171,58,14,2796,1,1
417,Mizoram,Aizawl,23.7271,92.7176,128,93,6,1796,0,1
418,Meghalaya,Tura,25.514,90.202,32,74,30,1188,1,1
419,Sikkim,Mangan,27.5095,88.5362,227,20,16,438,0,0
420,Sikkim,Gangtok,27.3389,88.6065,147,32,19,2411,0,1
421,Meghalaya,Tura,25.514,90.202,229,78,9,2179,1,0
422,Meghalaya,Shillong,25.5788,91.8933,239,61,40,1530,0,1
423,Nagaland,Kohima,25.6751,94.1086,222,55,43,2809,1,1
424,Sikkim,Mangan,27.5095,88.5362,133,89,34,902,0,1
425,Meghalaya,Tura,25.514,90.202,200,36,47,1939,1,1
426,Sikkim,Gangtok,27.3389,88.6065,20,74,22,2147,0,1
427,Sikkim,Mangan,27.5095,88.5362,104,79,23,1189,1,1
428,Sikkim,Mangan,27.5095,88.5362,18,94,20,2014,1,1
429,Mizoram,Aizawl,23.7271,92.7176,34,33,26,476,0,0
430,Meghalaya,Tura,25.514,90.202,40,47,44,767,1,0
431,Nagaland,Kohima,25.6751,94.1086,169,51,35,1068,1,1
432,Nagaland,Kohima,25.6751,94.1086,58,40,26,643,0,0
433,Nagaland,Kohima,25.6751,94.1086,30,39,22,2368,0,1
434,Nagaland,Kohima,25.6751,94.1086,80,57,40,1712,0,0
435,Meghalaya,Shillong,25.5788,91.8933,30,48,47,873,1,0
436,Meghalaya,Shillong,25.5788,91.8933,201,87,35,1515,1,1
437,Nagaland,Kohima,25.6751,94.1086,119,20,34,2022,1,1
438,Mizoram,Aizawl,23.7271,92.7176,96,94,5,2445,1,1
439,Meghalaya,Tura,25.514,90.202,22,79,42,2154,1,0
440,Sikkim,Gangtok,27.3389,88.6065,88,82,8,1685,1,0
441,Meghalaya,Tura,25.514,90.202,156,26,6,2701,1,1
442,Nagaland,Kohima,25.6751,94.1086,82,28,38,1749,0,0
443,Meghalaya,Tura,25.514,90.202,89,65,11,1988,1,0
444,Sikkim,Gangtok,27.3389,88.6065,136,95,46,1920,1,1
445,Sikkim,Mangan,27.5095,88.5362,162,54,21,1695,1,1
446,Mizoram,Aizawl,23.7271,92.7176,53,60,14,2447,0,0
447,Mizoram,Aizawl,23.7271,92.7176,78,32,33,697,0,0
448,Meghalaya,Tura,25.514,90.202,17,49,9,1536,1,0
449,Meghalaya,Shillong,25.5788,91.8933,163,22,46,969,0,1
450,Sikkim,Mangan,27.5095,88.5362,176,22,31,2317,1,1
451,Mizoram,Aizawl,23.7271,92.7176,229,52,6,1507,1,0
452,Sikkim,Mangan,27.5095,88.5362,149,33,29,2311,1,1
453,Meghalaya,Shillong,25.5788,91.8933,217,23,22,2381,1,0
454,Meghalaya,Shillong,25.5788,91.8933,101,45,23,945,0,1
455,Sikkim,Mangan,27.5095,88.5362,68,74,21,436,0,1
456,Sikkim,Gangtok,27.3389,88.6065,83,45,25,632,0,1
457,Mizoram,Aizawl,23.7271,92.7176,242,47,37,1477,1,1
458,Nagaland,Kohima,25.6751,94.1086,35,70,10,298,0,0
459,Nagaland,Kohima,25.6751,94.1086,40,72,45,2589,1,1
460,Sikkim,Gangtok,27.3389,88.6065,163,84,47,1977,0,1
461,Sikkim,Mangan,27.5095,88.5362,155,52,36,971,1,1
462,Meghalaya,Shillong,25.5788,91.8933,113,71,49,455,1,1
463,Nagaland,Kohima,25.6751,94.1086,237,80,46,2455,1,1
464,Sikkim,Mangan,27.5095,88.5362,228,24,12,2377,0,1
465,Sikkim,Gangtok,27.3389,88.6065,21,44,25,2365,1,1
466,Sikkim,Mangan,27.5095,88.5362,14,94,28,2340,0,0
467,Nagaland,Kohima,25.6751,94.1086,193,80,17,2390,0,1
468,Meghalaya,Shillong,25.5788,91.8933,75,49,28,146,1,0
469,Sikkim,Mangan,27.5095,88.5362,222,65,13,2522,1,1
470,Nagaland,Kohima,25.6751,94.1086,103,92,19,2171,1,0
471,Nagaland,Kohima,25.6751,94.1086,235,23,43,1161,1,1
472,Mizoram,Aizawl,23.7271,92.7176,92,55,23,2687,0,0
473,Sikkim,Mangan,27.5095,88.5362,136,75,27,2899,0,0
474,Meghalaya,Tura,25.514,90.202,78,85,45,2890,0,1
475,Meghalaya,Tura,25.514,90.202,246,40,5,2135,0,0
476,Meghalaya,Tura,25.514,90.202,196,55,13,1435,0,1
477,Nagaland,Kohima,25.6751,94.1086,222,93,11,353,0,1
478,Nagaland,Kohima,25.6751,94.1086,32,31,31,2618,0,1
479,Nagaland,Kohima,25.6751,94.1086,79,76,7,1331,1,0
480,Mizoram,Aizawl,23.7271,92.7176,117,62,10,191,1,0
481,Sikkim,Mangan,27.5095,88.5362,197,86,38,541,1,1
482,Meghalaya,Shillong,25.5788,91.8933,156,30,50,1843,0,1
483,Mizoram,Aizawl,23.7271,92.7176,210,92,38,1184,1,1
484,Sikkim,Mangan,27.5095,88.5362,72,51,15,190,1,1
485,Nagaland,Kohima,25.6751,94.1086,60,22,49,2535,0,1
486,Sikkim,Mangan,27.5095,88.5362,183,25,14,1461,0,1
487,Sikkim,Mangan,27.5095,88.5362,80,23,8,1579,1,0
488,Meghalaya,Tura,25.514,90.202,37,54,9,504,0,0
489,Sikkim,Mangan,27.5095,88.5362,128,35,21,2615,1,0
490,Mizoram,Aizawl,23.7271,92.7176,199,63,32,599,0,1
491,Nagaland,Kohima,25.6751,94.1086,164,28,48,1862,1,1
492,Meghalaya,Tura,25.514,90.202,77,28,19,2030,0,0
493,Sikkim,Mangan,27.5095,88.5362,100,22,11,603,0,0
494,Meghalaya,Tura,25.514,90.202,12,63,37,722,1,1
495,Sikkim,Mangan,27.5095,88.5362,107,29,22,1912,0,0
496,Meghalaya,Shillong,25.5788,91.8933,210,41,16,2548,1,1
497,Mizoram,Aizawl,23.7271,92.7176,137,52,29,978,1,1
498,Nagaland,Kohima,25.6751,94.1086,35,59,19,1743,1,0
499,Sikkim,Gangtok,27.3389,88.6065,69,36,22,1493,0,0
500,Nagaland,Kohima,25.6751,94.1086,66,45,29,506,0,1
501,Meghalaya,Shillong,25.5788,91.8933,54,23,15,2562,0,0
502,Nagaland,Kohima,25.6751,94.1086,126,40,47,1149,1,0
503,Sikkim,Mangan,27.5095,88.5362,133,50,22,394,0,0
504,Mizoram,Aizawl,23.7271,92.7176,11,30,10,1936,0,0
505,Sikkim,Gangtok,27.3389,88.6065,66,58,19,2952,0,1
506,Meghalaya,Tura,25.514,90.202,21,64,31,883,0,0
507,Nagaland,Kohima,25.6751,94.1086,183,42,48,1206,1,1
508,Meghalaya,Tura,25.514,90.202,62,92,45,1523,1,0
509,Sikkim,Mangan,27.5095,88.5362,221,41,31,2380,0,1
510,Meghalaya,Tura,25.514,90.202,236,92,5,2938,0,1
511,Meghalaya,Tura,25.514,90.202,150,59,12,1992,0,1
512,Sikkim,Gangtok,27.3389,88.6065,190,54,13,1333,0,0
513,Mizoram,Aizawl,23.7271,92.7176,21,85,47,1957,1,0
514,Sikkim,Mangan,27.5095,88.5362,61,52,45,2023,0,1
515,Meghalaya,Shillong,25.5788,91.8933,230,79,33,952,0,0
516,Mizoram,Aizawl,23.7271,92.7176,243,20,41,241,1,1
517,Mizoram,Aizawl,23.7271,92.7176,69,68,44,745,0,0
518,Meghalaya,Tura,25.514,90.202,241,78,31,479,1,1
519,Mizoram,Aizawl,23.7271,92.7176,13,82,15,1355,0,0
520,Mizoram,Aizawl,23.7271,92.7176,25,74,42,1433,0,0
521,Mizoram,Aizawl,23.7271,92.7176,200,42,32,2069,0,1
522,Sikkim,Gangtok,27.3389,88.6065,198,42,6,1143,0,1
523,Meghalaya,Shillong,25.5788,91.8933,12,21,47,2269,0,0
524,Sikkim,Gangtok,27.3389,88.6065,62,32,40,1940,0,1
525,Mizoram,Aizawl,23.7271,92.7176,31,95,32,1016,1,1
526,Meghalaya,Tura,25.514,90.202,41,75,28,242,0,0
527,Nagaland,Kohima,25.6751,94.1086,61,33,22,2551,1,0
528,Meghalaya,Shillong,25.5788,91.8933,177,36,49,1724,0,1
529,Nagaland,Kohima,25.6751,94.1086,132,64,33,2539,0,1
530,Mizoram,Aizawl,23.7271,92.7176,189,88,33,781,1,1
531,Mizoram,Aizawl,23.7271,92.7176,151,84,33,708,1,1
532,Sikkim,Mangan,27.5095,88.5362,217,64,35,2974,0,1
533,Mizoram,Aizawl,23.7271,92.7176,100,94,30,2159,1,1
534,Meghalaya,Shillong,25.5788,91.8933,184,61,42,138,0,0
535,Mizoram,Aizawl,23.7271,92.7176,125,39,29,2077,1,1
536,Meghalaya,Shillong,25.5788,91.8933,244,24,20,121,1,1
537,Sikkim,Mangan,27.5095,88.5362,68,70,23,2322,1,0
538,Sikkim,Gangtok,27.3389,88.6065,219,24,29,1617,1,0
539,Nagaland,Kohima,25.6751,94.1086,48,62,22,2424,1,1
540,Mizoram,Aizawl,23.7271,92.7176,216,42,35,1891,0,1
541,Meghalaya,Tura,25.514,90.202,22,73,40,2981,0,0
542,Meghalaya,Tura,25.514,90.202,16,45,32,1960,1,0
543,Sikkim,Mangan,27.5095,88.5362,45,80,43,204,1,0
544,Meghalaya,Tura,25.514,90.202,240,48,49,262,1,1
545,Meghalaya,Shillong,25.5788,91.8933,218,39,37,2540,0,1
546,Mizoram,Aizawl,23.7271,92.7176,185,55,28,2246,1,1
547,Mizoram,Aizawl,23.7271,92.7176,48,41,46,1610,1,0
548,Sikkim,Mangan,27.5095,88.5362,238,94,36,2282,0,1
549,Sikkim,Gangtok,27.3389,88.6065,182,87,29,1094,1,1
550,Meghalaya,Shillong,25.5788,91.8933,53,94,9,500,0,1
551,Meghalaya,Tura,25.514,90.202,63,73,42,742,1,1
552,Sikkim,Gangtok,27.3389,88.6065,144,31,29,2880,1,0
553,Meghalaya,Tura,25.514,90.202,142,65,25,1939,1,0
554,Sikkim,Gangtok,27.3389,88.6065,141,46,41,2251,1,1
555,Sikkim,Mangan,27.5095,88.5362,234,64,46,2305,1,1
556,Nagaland,Kohima,25.6751,94.1086,250,95,39,2413,1,1
557,Sikkim,Gangtok,27.3389,88.6065,169,56,10,1803,0,0
558,Sikkim,Gangtok,27.3389,88.6065,125,74,46,2682,1,0
559,Meghalaya,Shillong,25.5788,91.8933,211,45,20,101,0,1
560,Meghalaya,Shillong,25.5788,91.8933,154,88,20,880,0,1
561,Nagaland,Kohima,25.6751,94.1086,170,66,36,1911,0,1
562,Sikkim,Mangan,27.5095,88.5362,111,39,30,2204,0,0
563,Mizoram,Aizawl,23.7271,92.7176,184,69,40,990,1,0
564,Meghalaya,Shillong,25.5788,91.8933,59,60,26,489,1,0
565,Mizoram,Aizawl,23.7271,92.7176,183,74,13,1452,0,1
566,Sikkim,Gangtok,27.3389,88.6065,164,92,50,578,1,1
567,Nagaland,Kohima,25.6751,94.1086,13,29,13,1592,0,0
568,Nagaland,Kohima,25.6751,94.1086,244,53,28,1966,0,1
569,Mizoram,Aizawl,23.7271,92.7176,210,82,5,126,0,1
570,Meghalaya,Tura,25.514,90.202,25,45,21,2756,1,0
571,Sikkim,Gangtok,27.3389,88.6065,44,58,28,2417,1,0
572,Meghalaya,Tura,25.514,90.202,21,61,34,1038,0,0
573,Sikkim,Gangtok,27.3389,88.6065,124,20,15,1211,1,0
574,Sikkim,Mangan,27.5095,88.5362,179,71,5,2057,0,0
575,Sikkim,Gangtok,27.3389,88.6065,246,86,8,738,1,0
576,Sikkim,Mangan,27.5095,88.5362,34,55,16,2277,1,0
577,Sikkim,Mangan,27.5095,88.5362,105,95,7,2618,0,1
578,Meghalaya,Tura,25.514,90.202,126,35,38,1422,0,1
579,Sikkim,Mangan,27.5095,88.5362,14,90,46,2360,0,1
580,Meghalaya,Shillong,25.5788,91.8933,216,64,48,2551,0,1
581,Mizoram,Aizawl,23.7271,92.7176,197,33,16,924,0,0
582,Meghalaya,Tura,25.514,90.202,194,92,50,1472,1,1
583,Meghalaya,Tura,25.514,90.202,200,36,31,2743,1,1
584,Mizoram,Aizawl,23.7271,92.7176,30,56,32,580,1,0
585,Sikkim,Mangan,27.5095,88.5362,119,53,45,293,0,0
586,Sikkim,Gangtok,27.3389,88.6065,141,56,6,1168,1,1
587,Nagaland,Kohima,25.6751,94.1086,87,63,27,320,1,0
588,Meghalaya,Shillong,25.5788,91.8933,79,53,22,1761,1,0
589,Sikkim,Mangan,27.5095,88.5362,27,77,42,2409,0,1
590,Nagaland,Kohima,25.6751,94.1086,220,93,48,2977,0,1
591,Meghalaya,Tura,25.514,90.202,87,38,12,2102,1,0
592,Sikkim,Mangan,27.5095,88.5362,133,35,19,1205,1,1
593,Nagaland,Kohima,25.6751,94.1086,152,37,32,774,1,0
594,Meghalaya,Tura,25.514,90.202,239,78,50,1352,0,1
595,Sikkim,Mangan,27.5095,88.5362,35,66,23,2939,1,1
596,Sikkim,Mangan,27.5095,88.5362,38,78,14,2972,1,1
597,Mizoram,Aizawl,23.7271,92.7176,144,45,8,2072,1,1
598,Sikkim,Gangtok,27.3389,88.6065,116,44,33,1946,0,0
599,Mizoram,Aizawl,23.7271,92.7176,210,28,12,715,0,1
600,Meghalaya,Tura,25.514,90.202,121,59,35,1967,1,1
601,Sikkim,Mangan,27.5095,88.5362,102,35,28,1717,1,0
602,Meghalaya,Tura,25.514,90.202,61,58,37,450,1,0
603,Sikkim,Mangan,27.5095,88.5362,103,45,23,112,0,0
604,Meghalaya,Shillong,25.5788,91.8933,56,86,50,2526,0,1
605,Sikkim,Gangtok,27.3389,88.6065,194,59,33,2375,0,0
606,Meghalaya,Tura,25.514,90.202,93,32,13,597,1,1
607,Sikkim,Gangtok,27.3389,88.6065,224,64,49,1931,0,1
608,Sikkim,Mangan,27.5095,88.5362,136,71,43,2472,1,1
609,Sikkim,Mangan,27.5095,88.5362,41,31,13,2187,1,0
610,Sikkim,Mangan,27.5095,88.5362,111,36,37,272,0,0
611,Sikkim,Gangtok,27.3389,88.6065,22,54,36,1676,0,0
612,Nagaland,Kohima,25.6751,94.1086,135,51,29,1425,1,1
613,Meghalaya,Shillong,25.5788,91.8933,119,46,5,997,1,0
614,Meghalaya,Shillong,25.5788,91.8933,208,70,46,970,1,1
615,Mizoram,Aizawl,23.7271,92.7176,84,53,22,1786,1,0
616,Nagaland,Kohima,25.6751,94.1086,224,74,22,697,1,1
617,Sikkim,Gangtok,27.3389,88.6065,166,35,7,624,0,1
618,Sikkim,Gangtok,27.3389,88.6065,164,73,36,2157,1,1
619,Meghalaya,Tura,25.514,90.202,160,23,50,1824,1,0
620,Meghalaya,Shillong,25.5788,91.8933,142,30,35,479,1,0
621,Nagaland,Kohima,25.6751,94.1086,15,57,8,2141,1,0
622,Meghalaya,Shillong,25.5788,91.8933,22,23,37,2719,0,0
623,Meghalaya,Shillong,25.5788,91.8933,51,58,42,1848,1,1
624,Meghalaya,Shillong,25.5788,91.8933,143,74,20,1647,1,0
625,Mizoram,Aizawl,23.7271,92.7176,220,38,48,2416,1,1
626,Meghalaya,Tura,25.514,90.202,17,80,15,2956,0,0
627,Sikkim,Gangtok,27.3389,88.6065,43,84,47,618,1,1
628,Nagaland,Kohima,25.6751,94.1086,223,42,30,2705,1,0
629,Sikkim,Gangtok,27.3389,88.6065,144,29,43,2516,0,1
630,Sikkim,Gangtok,27.3389,88.6065,171,32,30,184,1,1
631,Sikkim,Gangtok,27.3389,88.6065,158,93,48,1012,0,0
632,Mizoram,Aizawl,23.7271,92.7176,244,53,15,1665,0,1
633,Meghalaya,Tura,25.514,90.202,145,22,5,976,0,1
634,Meghalaya,Tura,25.514,90.202,38,27,31,1578,0,1
635,Meghalaya,Tura,25.514,90.202,243,70,21,631,1,1
636,Sikkim,Gangtok,27.3389,88.6065,231,23,49,914,1,1
637,Nagaland,Kohima,25.6751,94.1086,71,70,11,2687,1,0
638,Meghalaya,Tura,25.514,90.202,151,37,13,873,1,1
639,Meghalaya,Shillong,25.5788,91.8933,197,38,23,720,0,0
640,Sikkim,Mangan,27.5095,88.5362,102,47,30,2086,1,0
641,Mizoram,Aizawl,23.7271,92.7176,34,77,10,2528,1,0
642,Sikkim,Mangan,27.5095,88.5362,185,24,37,1363,0,1
643,Mizoram,Aizawl,23.7271,92.7176,198,39,14,225,1,0
644,Mizoram,Aizawl,23.7271,92.7176,209,23,44,848,0,1
645,Meghalaya,Shillong,25.5788,91.8933,238,51,44,151,1,1
646,Sikkim,Mangan,27.5095,88.5362,192,68,15,1046,0,0
647,Nagaland,Kohima,25.6751,94.1086,237,61,24,471,1,1
648,Sikkim,Gangtok,27.3389,88.6065,18,40,40,482,0,0
649,Meghalaya,Shillong,25.5788,91.8933,164,51,44,361,0,1
650,Mizoram,Aizawl,23.7271,92.7176,234,80,18,1026,1,1
651,Meghalaya,Shillong,25.5788,91.8933,77,20,27,1570,0,1
652,Mizoram,Aizawl,23.7271,92.7176,200,56,50,1125,1,1
653,Meghalaya,Tura,25.514,90.202,234,89,17,235,0,0
654,Sikkim,Mangan,27.5095,88.5362,211,69,32,2259,0,1
655,Sikkim,Gangtok,27.3389,88.6065,100,74,9,1456,0,1
656,Sikkim,Mangan,27.5095,88.5362,149,90,44,238,1,1
657,Meghalaya,Shillong,25.5788,91.8933,132,71,5,1466,0,1
658,Sikkim,Mangan,27.5095,88.5362,209,94,24,2194,0,1
659,Meghalaya,Shillong,25.5788,91.8933,24,25,20,1185,1,1
660,Sikkim,Gangtok,27.3389,88.6065,30,60,25,1615,0,0
661,Nagaland,Kohima,25.6751,94.1086,182,70,14,894,0,0
662,Nagaland,Kohima,25.6751,94.1086,124,93,43,1353,0,1
663,Meghalaya,Tura,25.514,90.202,234,78,31,2036,0,1
664,Sikkim,Gangtok,27.3389,88.6065,69,40,26,2764,1,1
665,Mizoram,Aizawl,23.7271,92.7176,175,84,21,1350,0,0
666,Mizoram,Aizawl,23.7271,92.7176,152,76,48,1986,1,1
667,Sikkim,Mangan,27.5095,88.5362,45,53,40,755,1,1
668,Meghalaya,Shillong,25.5788,91.8933,219,56,21,1628,0,1
669,Sikkim,Gangtok,27.3389,88.6065,106,40,25,1168,1,1
670,Sikkim,Gangtok,27.3389,88.6065,79,40,37,575,1,0
671,Meghalaya,Shillong,25.5788,91.8933,93,75,48,2467,1,1
672,Sikkim,Gangtok,27.3389,88.6065,25,30,13,1358,1,0
673,Sikkim,Mangan,27.5095,88.5362,81,46,20,2451,0,0
674,Meghalaya,Tura,25.514,90.202,65,93,47,2462,1,1
675,Meghalaya,Shillong,25.5788,91.8933,232,83,9,1574,0,0
676,Sikkim,Gangtok,27.3389,88.6065,202,88,20,492,1,1
677,Meghalaya,Shillong,25.5788,91.8933,100,21,43,143,0,0
678,Sikkim,Gangtok,27.3389,88.6065,148,93,47,1525,1,1
679,Nagaland,Kohima,25.6751,94.1086,195,23,31,1739,0,0
680,Sikkim,Mangan,27.5095,88.5362,31,35,19,2595,0,0
681,Sikkim,Gangtok,27.3389,88.6065,231,47,15,399,1,1
682,Meghalaya,Shillong,25.5788,91.8933,240,82,37,2742,1,1
683,Nagaland,Kohima,25.6751,94.1086,28,21,37,1295,0,0
684,Sikkim,Gangtok,27.3389,88.6065,220,74,15,2887,0,1
685,Mizoram,Aizawl,23.7271,92.7176,46,90,31,805,1,0
686,Mizoram,Aizawl,23.7271,92.7176,69,40,30,2912,1,1
687,Nagaland,Kohima,25.6751,94.1086,70,51,12,2936,0,1
688,Meghalaya,Shillong,25.5788,91.8933,183,87,32,1121,1,1
689,Meghalaya,Tura,25.514,90.202,231,80,27,2605,0,1
690,Sikkim,Gangtok,27.3389,88.6065,186,81,23,1226,0,1
691,Sikkim,Gangtok,27.3389,88.6065,194,70,6,839,1,1
692,Nagaland,Kohima,25.6751,94.1086,70,73,47,1591,1,1
693,Sikkim,Gangtok,27.3389,88.6065,229,47,23,1018,1,0
694,Sikkim,Gangtok,27.3389,88.6065,169,57,39,1523,1,1
695,Sikkim,Mangan,27.5095,88.5362,147,88,5,453,0,1
696,Nagaland,Kohima,25.6751,94.1086,240,86,41,1717,1,1
697,Meghalaya,Tura,25.514,90.202,43,78,34,611,1,0
698,Meghalaya,Shillong,25.5788,91.8933,114,25,50,1289,0,0
699,Nagaland,Kohima,25.6751,94.1086,215,70,32,180,1,1
700,Sikkim,Gangtok,27.3389,88.6065,155,45,19,2205,1,0
701,Meghalaya,Tura,25.514,90.202,191,79,48,446,1,0
702,Nagaland,Kohima,25.6751,94.1086,166,66,34,1751,0,0
703,Sikkim,Mangan,27.5095,88.5362,59,91,31,1294,1,0
704,Meghalaya,Shillong,25.5788,91.8933,190,93,12,1810,0,1
705,Meghalaya,Shillong,25.5788,91.8933,198,47,19,1670,1,1
706,Nagaland,Kohima,25.6751,94.1086,130,90,17,659,0,0
707,Nagaland,Kohima,25.6751,94.1086,124,81,46,2000,0,1
708,Meghalaya,Tura,25.514,90.202,62,74,30,236,1,0
709,Nagaland,Kohima,25.6751,94.1086,222,74,47,1916,0,0
710,Meghalaya,Tura,25.514,90.202,191,68,5,361,1,1
711,Meghalaya,Tura,25.514,90.202,80,72,29,1018,1,1
712,Mizoram,Aizawl,23.7271,92.7176,168,75,21,229,0,1
713,Nagaland,Kohima,25.6751,94.1086,59,49,14,2336,1,0
714,Nagaland,Kohima,25.6751,94.1086,249,68,35,482,0,1
715,Meghalaya,Tura,25.514,90.202,19,61,43,2683,1,1
716,Meghalaya,Shillong,25.5788,91.8933,68,82,40,1185,0,1
717,Sikkim,Gangtok,27.3389,88.6065,244,57,32,429,1,1
718,Nagaland,Kohima,25.6751,94.1086,195,91,31,1445,0,1
719,Meghalaya,Shillong,25.5788,91.8933,99,50,45,2589,0,1
720,Mizoram,Aizawl,23.7271,92.7176,137,69,20,854,1,0
721,Meghalaya,Tura,25.514,90.202,61,26,18,2332,0,0
722,Meghalaya,Shillong,25.5788,91.8933,110,77,36,2770,1,1
723,Mizoram,Aizawl,23.7271,92.7176,16,64,42,232,0,0
724,Meghalaya,Tura,25.514,90.202,125,66,32,2675,0,0
725,Nagaland,Kohima,25.6751,94.1086,71,25,39,2008,0,0
726,Meghalaya,Shillong,25.5788,91.8933,121,28,26,2607,0,0
727,Meghalaya,Tura,25.514,90.202,55,56,38,976,1,0
728,Sikkim,Mangan,27.5095,88.5362,181,46,24,1967,0,0
729,Nagaland,Kohima,25.6751,94.1086,29,30,10,2748,0,0
730,Meghalaya,Tura,25.514,90.202,176,51,28,185,0,1
731,Mizoram,Aizawl,23.7271,92.7176,241,45,24,2852,1,1
732,Meghalaya,Tura,25.514,90.202,43,44,8,535,1,1
733,Nagaland,Kohima,25.6751,94.1086,99,48,14,393,0,1
734,Sikkim,Mangan,27.5095,88.5362,170,84,24,176,1,1
735,Sikkim,Gangtok,27.3389,88.6065,111,65,5,162,1,0
736,Meghalaya,Shillong,25.5788,91.8933,213,62,39,1049,0,1
737,Sikkim,Gangtok,27.3389,88.6065,206,64,23,1424,0,1
738,Sikkim,Gangtok,27.3389,88.6065,143,55,5,1222,0,1
739,Mizoram,Aizawl,23.7271,92.7176,225,36,29,2277,1,1
740,Meghalaya,Tura,25.514,90.202,240,56,24,1051,0,1
741,Mizoram,Aizawl,23.7271,92.7176,162,84,48,1590,1,1
742,Meghalaya,Shillong,25.5788,91.8933,38,49,41,2761,1,0
743,Sikkim,Gangtok,27.3389,88.6065,207,26,12,2368,1,1
744,Meghalaya,Tura,25.514,90.202,78,26,16,1184,0,0
745,Sikkim,Mangan,27.5095,88.5362,38,63,33,1264,1,0
746,Sikkim,Gangtok,27.3389,88.6065,151,81,25,514,0,0
747,Sikkim,Gangtok,27.3389,88.6065,214,65,47,2986,0,0
748,Meghalaya,Shillong,25.5788,91.8933,16,52,31,1594,0,0
749,Sikkim,Gangtok,27.3389,88.6065,36,82,11,2820,0,0
750,Meghalaya,Tura,25.514,90.202,107,37,25,508,1,0
751,Meghalaya,Tura,25.514,90.202,79,50,15,1082,1,1
752,Meghalaya,Tura,25.514,90.202,10,65,15,2115,1,0
753,Meghalaya,Tura,25.514,90.202,35,23,38,151,0,0
754,Meghalaya,Tura,25.514,90.202,74,49,38,2244,0,1
755,Mizoram,Aizawl,23.7271,92.7176,111,74,6,322,0,1
756,Meghalaya,Shillong,25.5788,91.8933,14,57,39,2954,1,0
757,Mizoram,Aizawl,23.7271,92.7176,32,58,37,616,1,0
758,Sikkim,Gangtok,27.3389,88.6065,144,65,40,2295,0,1
759,Meghalaya,Shillong,25.5788,91.8933,48,60,50,1395,1,0
760,Sikkim,Gangtok,27.3389,88.6065,99,88,48,135,0,1
761,Nagaland,Kohima,25.6751,94.1086,93,22,16,1711,0,0
762,Mizoram,Aizawl,23.7271,92.7176,198,70,42,759,1,1
763,Meghalaya,Tura,25.514,90.202,22,33,20,1993,0,1
764,Sikkim,Mangan,27.5095,88.5362,158,23,5,1215,0,1
765,Sikkim,Gangtok,27.3389,88.6065,222,92,23,1326,0,1
766,Mizoram,Aizawl,23.7271,92.7176,83,88,5,1073,0,0
767,Meghalaya,Tura,25.514,90.202,244,66,33,2239,1,1
768,Nagaland,Kohima,25.6751,94.1086,53,25,20,2381,0,0
769,Nagaland,Kohima,25.6751,94.1086,162,55,23,1520,1,1
770,Sikkim,Gangtok,27.3389,88.6065,205,59,14,2835,1,1
771,Nagaland,Kohima,25.6751,94.1086,228,48,13,628,1,0
772,Mizoram,Aizawl,23.7271,92.7176,59,21,18,2798,0,0
773,Sikkim,Gangtok,27.3389,88.6065,129,92,29,389,1,0
774,Sikkim,Gangtok,27.3389,88.6065,232,34,6,872,0,1
775,Mizoram,Aizawl,23.7271,92.7176,215,48,18,2958,1,1
776,Sikkim,Gangtok,27.3389,88.6065,183,28,31,2447,1,0
777,Meghalaya,Tura,25.514,90.202,152,45,48,2027,1,1
778,Meghalaya,Tura,25.514,90.202,138,86,5,2570,0,1
779,Meghalaya,Shillong,25.5788,91.8933,173,21,50,2671,0,1
780,Meghalaya,Shillong,25.5788,91.8933,201,83,12,1488,1,1
781,Meghalaya,Tura,25.514,90.202,54,39,7,2817,0,0
782,Nagaland,Kohima,25.6751,94.1086,98,33,29,1108,1,1
783,Sikkim,Mangan,27.5095,88.5362,17,37,22,2385,1,0
784,Sikkim,Gangtok,27.3389,88.6065,23,88,5,1878,0,0
785,Mizoram,Aizawl,23.7271,92.7176,15,60,13,2492,1,1
786,Mizoram,Aizawl,23.7271,92.7176,98,74,6,1397,1,1
787,Sikkim,Mangan,27.5095,88.5362,236,69,32,1053,1,1
788,Sikkim,Mangan,27.5095,88.5362,224,80,22,167,1,1
789,Meghalaya,Shillong,25.5788,91.8933,216,75,12,1576,0,1
790,Nagaland,Kohima,25.6751,94.1086,77,54,8,1142,0,0
791,Meghalaya,Tura,25.514,90.202,177,47,34,599,1,1
792,Sikkim,Gangtok,27.3389,88.6065,11,65,39,457,0,0
793,Sikkim,Mangan,27.5095,88.5362,160,30,5,2786,1,1
794,Nagaland,Kohima,25.6751,94.1086,13,21,5,1128,0,0
795,Sikkim,Gangtok,27.3389,88.6065,95,81,29,2968,1,0
796,Meghalaya,Shillong,25.5788,91.8933,40,65,23,870,1,0
797,Sikkim,Gangtok,27.3389,88.6065,73,61,47,2828,1,0
798,Mizoram,Aizawl,23.7271,92.7176,50,36,10,519,0,0
799,Mizoram,Aizawl,23.7271,92.7176,144,83,28,239,1,0
800,Sikkim,Mangan,27.5095,88.5362,137,55,9,2508,0,1
801,Meghalaya,Shillong,25.5788,91.8933,24,22,36,356,0,0
802,Mizoram,Aizawl,23.7271,92.7176,212,44,47,2716,0,0
803,Meghalaya,Tura,25.514,90.202,100,47,32,132,0,0
804,Mizoram,Aizawl,23.7271,92.7176,142,57,31,1402,0,1
805,Sikkim,Gangtok,27.3389,88.6065,210,85,13,1166,1,1
806,Meghalaya,Shillong,25.5788,91.8933,141,39,37,655,0,1
807,Sikkim,Gangtok,27.3389,88.6065,236,53,12,1797,0,1
808,Nagaland,Kohima,25.6751,94.1086,91,36,34,792,1,1
809,Nagaland,Kohima,25.6751,94.1086,246,83,43,2076,1,1
810,Meghalaya,Tura,25.514,90.202,154,54,24,2770,1,1
811,Meghalaya,Tura,25.514,90.202,98,26,10,1553,0,1
812,Nagaland,Kohima,25.6751,94.1086,137,35,8,428,1,1
813,Mizoram,Aizawl,23.7271,92.7176,109,72,42,729,1,1
814,Nagaland,Kohima,25.6751,94.1086,98,27,12,2022,1,0
815,Meghalaya,Tura,25.514,90.202,144,84,33,1449,0,1
816,Sikkim,Gangtok,27.3389,88.6065,226,83,43,1031,1,1
817,Meghalaya,Shillong,25.5788,91.8933,149,90,26,2178,0,1
818,Mizoram,Aizawl,23.7271,92.7176,105,55,16,1517,0,1
819,Sikkim,Gangtok,27.3389,88.6065,124,85,16,2745,0,0
820,Meghalaya,Tura,25.514,90.202,215,32,24,2374,1,0
821,Nagaland,Kohima,25.6751,94.1086,70,85,32,2973,1,0
822,Sikkim,Mangan,27.5095,88.5362,98,82,47,1654,1,1
823,Mizoram,Aizawl,23.7271,92.7176,193,68,41,2104,0,0
824,Nagaland,Kohima,25.6751,94.1086,225,92,9,737,1,1
825,Mizoram,Aizawl,23.7271,92.7176,82,64,49,1776,1,1
826,Meghalaya,Tura,25.514,90.202,74,35,9,1324,0,1
827,Sikkim,Mangan,27.5095,88.5362,52,48,15,1047,1,0
828,Nagaland,Kohima,25.6751,94.1086,230,26,12,2298,1,1
829,Sikkim,Gangtok,27.3389,88.6065,102,81,39,1717,0,1
830,Sikkim,Mangan,27.5095,88.5362,217,32,33,1736,0,1
831,Mizoram,Aizawl,23.7271,92.7176,156,30,11,2209,0,0
832,Meghalaya,Shillong,25.5788,91.8933,195,29,24,2324,1,1
833,Meghalaya,Shillong,25.5788,91.8933,111,83,38,208,0,0
834,Mizoram,Aizawl,23.7271,92.7176,104,51,48,740,0,1
835,Meghalaya,Tura,25.514,90.202,154,83,20,1481,0,1
836,Mizoram,Aizawl,23.7271,92.7176,36,77,8,1856,1,1
837,Meghalaya,Tura,25.514,90.202,203,64,10,1612,0,1
838,Meghalaya,Tura,25.514,90.202,73,39,5,2286,0,0
839,Mizoram,Aizawl,23.7271,92.7176,72,59,7,2089,1,0
840,Sikkim,Mangan,27.5095,88.5362,27,35,11,632,1,0
841,Mizoram,Aizawl,23.7271,92.7176,16,93,14,2916,0,0
842,Meghalaya,Shillong,25.5788,91.8933,74,89,8,2369,1,1
843,Nagaland,Kohima,25.6751,94.1086,81,34,16,294,1,1
844,Sikkim,Gangtok,27.3389,88.6065,157,63,31,2410,0,0
845,Meghalaya,Shillong,25.5788,91.8933,47,39,17,1312,0,1
846,Nagaland,Kohima,25.6751,94.1086,239,55,10,1947,0,1
847,Meghalaya,Shillong,25.5788,91.8933,40,43,35,2983,1,0
848,Sikkim,Gangtok,27.3389,88.6065,187,37,7,542,1,1
849,Nagaland,Kohima,25.6751,94.1086,216,42,29,1442,0,1
850,Mizoram,Aizawl,23.7271,92.7176,35,72,16,2228,0,1
851,Sikkim,Gangtok,27.3389,88.6065,165,36,37,1682,1,1
852,Sikkim,Mangan,27.5095,88.5362,185,59,16,265,1,1
853,Sikkim,Gangtok,27.3389,88.6065,108,20,34,2403,0,0
854,Mizoram,Aizawl,23.7271,92.7176,167,69,43,2540,0,0
855,Meghalaya,Tura,25.514,90.202,196,95,31,615,1,1
856,Sikkim,Gangtok,27.3389,88.6065,176,61,9,1408,1,1
857,Meghalaya,Shillong,25.5788,91.8933,67,46,23,2927,0,0
858,Meghalaya,Tura,25.514,90.202,11,51,9,2242,1,1
859,Meghalaya,Tura,25.514,90.202,94,32,9,1161,1,1
860,Sikkim,Mangan,27.5095,88.5362,168,64,42,2753,1,1
861,Sikkim,Gangtok,27.3389,88.6065,18,86,23,531,0,0
862,Sikkim,Gangtok,27.3389,88.6065,198,25,40,146,1,1
863,Meghalaya,Shillong,25.5788,91.8933,32,41,15,2074,1,0
864,Mizoram,Aizawl,23.7271,92.7176,29,35,15,1575,1,0
865,Sikkim,Gangtok,27.3389,88.6065,30,64,45,504,1,1
866,Sikkim,Gangtok,27.3389,88.6065,75,87,36,1738,0,1
867,Nagaland,Kohima,25.6751,94.1086,141,53,8,204,0,1
868,Nagaland,Kohima,25.6751,94.1086,207,94,41,2152,1,1
869,Mizoram,Aizawl,23.7271,92.7176,169,22,15,1257,1,1
870,Sikkim,Gangtok,27.3389,88.6065,112,90,20,1440,0,1
871,Nagaland,Kohima,25.6751,94.1086,197,77,33,1050,0,1
872,Mizoram,Aizawl,23.7271,92.7176,74,50,41,1364,0,0
873,Mizoram,Aizawl,23.7271,92.7176,202,54,6,337,1,0
874,Mizoram,Aizawl,23.7271,92.7176,190,42,19,2817,0,1
875,Meghalaya,Tura,25.514,90.202,193,46,29,2192,0,1
876,Nagaland,Kohima,25.6751,94.1086,184,61,44,268,1,1
877,Meghalaya,Shillong,25.5788,91.8933,227,57,23,277,0,1
878,Sikkim,Mangan,27.5095,88.5362,25,93,39,2039,1,1
879,Meghalaya,Shillong,25.5788,91.8933,81,75,29,2859,0,1
880,Sikkim,Mangan,27.5095,88.5362,162,72,38,2426,0,0
881,Sikkim,Mangan,27.5095,88.5362,203,42,30,119,1,1
882,Meghalaya,Tura,25.514,90.202,121,95,23,1770,1,1
883,Meghalaya,Tura,25.514,90.202,212,41,34,179,0,0
884,Mizoram,Aizawl,23.7271,92.7176,125,88,31,533,1,1
885,Meghalaya,Tura,25.514,90.202,88,50,8,2171,0,0
886,Meghalaya,Shillong,25.5788,91.8933,91,49,25,1844,1,1
887,Sikkim,Mangan,27.5095,88.5362,235,41,7,2827,0,1
888,Sikkim,Gangtok,27.3389,88.6065,237,31,6,166,0,0
889,Nagaland,Kohima,25.6751,94.1086,53,95,18,1374,0,1
890,Sikkim,Gangtok,27.3389,88.6065,165,84,9,270,0,1
891,Meghalaya,Shillong,25.5788,91.8933,108,78,50,1030,0,1
892,Sikkim,Mangan,27.5095,88.5362,45,76,23,1293,1,1
893,Nagaland,Kohima,25.6751,94.1086,138,24,28,1723,1,0
894,Nagaland,Kohima,25.6751,94.1086,192,50,39,1774,1,1
895,Sikkim,Mangan,27.5095,88.5362,82,36,25,146,1,0
896,Meghalaya,Shillong,25.5788,91.8933,37,36,25,860,0,0
897,Meghalaya,Tura,25.514,90.202,176,62,9,2165,1,1
898,Sikkim,Mangan,27.5095,88.5362,102,47,6,2480,1,1
899,Sikkim,Gangtok,27.3389,88.6065,109,89,20,1472,1,0
900,Meghalaya,Tura,25.514,90.202,199,44,7,1540,1,0
901,Meghalaya,Tura,25.514,90.202,70,75,34,2463,1,1
902,Meghalaya,Shillong,25.5788,91.8933,202,84,43,1680,1,1
903,Nagaland,Kohima,25.6751,94.1086,171,79,9,2075,1,1
904,Sikkim,Gangtok,27.3389,88.6065,102,42,48,653,0,1
905,Sikkim,Gangtok,27.3389,88.6065,190,35,9,2922,0,1
906,Meghalaya,Shillong,25.5788,91.8933,56,70,47,972,1,1
907,Sikkim,Mangan,27.5095,88.5362,63,84,9,2931,0,0
908,Sikkim,Gangtok,27.3389,88.6065,156,83,27,2677,0,0
909,Meghalaya,Shillong,25.5788,91.8933,228,50,26,1730,0,1
910,Sikkim,Mangan,27.5095,88.5362,34,45,28,539,1,1
911,Meghalaya,Tura,25.514,90.202,53,70,8,2453,1,0
912,Nagaland,Kohima,25.6751,94.1086,239,43,21,1427,1,1
913,Sikkim,Gangtok,27.3389,88.6065,196,38,41,2817,1,1
914,Sikkim,Gangtok,27.3389,88.6065,182,65,16,331,0,1
915,Sikkim,Gangtok,27.3389,88.6065,25,37,30,2515,1,0
916,Nagaland,Kohima,25.6751,94.1086,28,95,38,750,1,0
917,Meghalaya,Tura,25.514,90.202,179,83,34,1736,1,1
918,Meghalaya,Tura,25.514,90.202,53,27,30,1619,0,1
919,Nagaland,Kohima,25.6751,94.1086,203,32,29,1128,0,1
920,Meghalaya,Tura,25.514,90.202,172,54,50,398,1,1
921,Sikkim,Gangtok,27.3389,88.6065,153,56,29,1060,0,1
922,Meghalaya,Tura,25.514,90.202,127,70,24,1691,1,0
923,Sikkim,Gangtok,27.3389,88.6065,140,65,7,986,1,1
924,Nagaland,Kohima,25.6751,94.1086,210,78,24,572,1,1
925,Nagaland,Kohima,25.6751,94.1086,103,58,26,2274,0,0
926,Mizoram,Aizawl,23.7271,92.7176,57,24,30,997,1,0
927,Sikkim,Mangan,27.5095,88.5362,53,65,9,1815,1,0
928,Sikkim,Gangtok,27.3389,88.6065,88,21,46,1972,0,1
929,Sikkim,Gangtok,27.3389,88.6065,212,66,37,946,0,1
930,Mizoram,Aizawl,23.7271,92.7176,161,84,33,223,1,0
931,Meghalaya,Tura,25.514,90.202,86,71,15,1296,0,1
932,Nagaland,Kohima,25.6751,94.1086,39,72,50,128,1,0
933,Mizoram,Aizawl,23.7271,92.7176,133,58,6,2220,0,1
934,Nagaland,Kohima,25.6751,94.1086,57,49,5,321,1,0
935,Meghalaya,Tura,25.514,90.202,200,48,46,811,0,1
936,Mizoram,Aizawl,23.7271,92.7176,34,93,46,2459,0,1
937,Nagaland,Kohima,25.6751,94.1086,163,81,34,1292,0,1
938,Sikkim,Mangan,27.5095,88.5362,50,89,26,1067,0,0
939,Mizoram,Aizawl,23.7271,92.7176,109,42,32,2978,0,1
940,Sikkim,Mangan,27.5095,88.5362,70,74,39,2770,1,0
941,Meghalaya,Shillong,25.5788,91.8933,88,24,25,348,0,0
942,Sikkim,Mangan,27.5095,88.5362,149,21,28,1364,0,1
943,Sikkim,Mangan,27.5095,88.5362,117,92,21,2607,1,1
944,Meghalaya,Shillong,25.5788,91.8933,187,87,23,2952,0,0
945,Sikkim,Mangan,27.5095,88.5362,61,36,38,1805,0,0
946,Meghalaya,Shillong,25.5788,91.8933,234,80,21,734,1,1
947,Sikkim,Gangtok,27.3389,88.6065,100,20,28,684,1,1
948,Mizoram,Aizawl,23.7271,92.7176,35,43,8,1910,0,0
949,Meghalaya,Shillong,25.5788,91.8933,172,90,40,2414,0,1
950,Nagaland,Kohima,25.6751,94.1086,235,74,43,1217,1,1
951,Sikkim,Mangan,27.5095,88.5362,235,43,23,1260,0,1
952,Mizoram,Aizawl,23.7271,92.7176,59,26,45,345,1,1
953,Sikkim,Mangan,27.5095,88.5362,165,61,10,2049,0,0
954,Meghalaya,Shillong,25.5788,91.8933,93,94,10,2055,0,1
955,Sikkim,Gangtok,27.3389,88.6065,84,49,40,478,0,1
956,Mizoram,Aizawl,23.7271,92.7176,198,94,25,1591,0,1
957,Sikkim,Gangtok,27.3389,88.6065,207,93,40,2815,0,1
958,Meghalaya,Shillong,25.5788,91.8933,150,56,25,118,0,1
959,Sikkim,Gangtok,27.3389,88.6065,165,71,41,771,0,1
960,Meghalaya,Shillong,25.5788,91.8933,225,42,25,185,0,1
961,Nagaland,Kohima,25.6751,94.1086,110,36,29,1103,0,0
962,Mizoram,Aizawl,23.7271,92.7176,53,60,9,356,1,1
963,Meghalaya,Tura,25.514,90.202,57,77,8,2317,1,1
964,Sikkim,Mangan,27.5095,88.5362,220,60,47,2551,1,1
965,Mizoram,Aizawl,23.7271,92.7176,98,77,16,814,1,1
966,Meghalaya,Shillong,25.5788,91.8933,98,66,19,2911,0,0
967,Nagaland,Kohima,25.6751,94.1086,34,70,16,1256,1,0
968,Meghalaya,Shillong,25.5788,91.8933,131,54,5,2521,1,0
969,Mizoram,Aizawl,23.7271,92.7176,122,29,32,1190,1,0
970,Sikkim,Mangan,27.5095,88.5362,181,52,8,2593,0,1
971,Sikkim,Mangan,27.5095,88.5362,153,78,40,1026,1,0
972,Sikkim,Mangan,27.5095,88.5362,152,28,29,1005,1,0
973,Meghalaya,Tura,25.514,90.202,139,43,20,772,1,1
974,Meghalaya,Tura,25.514,90.202,58,76,35,1357,0,0
975,Nagaland,Kohima,25.6751,94.1086,151,23,11,257,1,0
976,Mizoram,Aizawl,23.7271,92.7176,163,75,38,1877,1,1
977,Sikkim,Gangtok,27.3389,88.6065,131,88,20,433,1,0
978,Meghalaya,Tura,25.514,90.202,89,79,22,2696,0,1
979,Meghalaya,Shillong,25.5788,91.8933,205,47,24,2059,0,1
980,Sikkim,Gangtok,27.3389,88.6065,156,21,16,1031,0,0
981,Sikkim,Mangan,27.5095,88.5362,74,41,50,396,1,1
982,Sikkim,Gangtok,27.3389,88.6065,240,86,10,430,0,0
983,Nagaland,Kohima,25.6751,94.1086,89,44,29,1251,1,1
984,Meghalaya,Tura,25.514,90.202,26,91,11,1572,0,0
985,Meghalaya,Shillong,25.5788,91.8933,12,33,34,1683,0,0
986,Sikkim,Mangan,27.5095,88.5362,113,42,7,1610,1,1
987,Meghalaya,Shillong,25.5788,91.8933,225,48,39,2750,0,1
988,Meghalaya,Shillong,25.5788,91.8933,218,38,48,196,1,1
989,Sikkim,Mangan,27.5095,88.5362,111,85,46,2251,0,1
990,Nagaland,Kohima,25.6751,94.1086,108,69,35,897,0,1
991,Nagaland,Kohima,25.6751,94.1086,69,70,26,1358,1,1
992,Meghalaya,Tura,25.514,90.202,69,45,50,2713,0,1
993,Meghalaya,Shillong,25.5788,91.8933,173,38,11,113,0,1
994,Meghalaya,Shillong,25.5788,91.8933,227,35,35,2007,0,1
995,Sikkim,Gangtok,27.3389,88.6065,75,39,16,590,0,0
996,Sikkim,Gangtok,27.3389,88.6065,81,93,27,537,1,1
997,Nagaland,Kohima,25.6751,94.1086,45,60,34,788,1,0
998,Mizoram,Aizawl,23.7271,92.7176,217,64,27,1596,0,1
999,Meghalaya,Shillong,25.5788,91.8933,192,61,47,1475,1,1
1000,Meghalaya,Shillong,25.5788,91.8933,141,71,30,966,0,0
